{
  "cv_results": {
    "CC Only": {
      "accuracy_mean": 70.72327044025158,
      "accuracy_std": 4.3935797985708005,
      "auc_mean": 0.7630110243856779,
      "auc_std": 0.05262282496150193,
      "sensitivity_mean": 62.33188738333958,
      "sensitivity_std": 12.292959078054803,
      "specificity_mean": 77.2459789669038,
      "specificity_std": 4.089771979795645,
      "f1_mean": 64.88917891860235,
      "f1_std": 9.049396146746622
    },
    "MLO Only": {
      "accuracy_mean": 67.4227123748782,
      "accuracy_std": 2.6480995108272842,
      "auc_mean": 0.739558722237063,
      "auc_std": 0.06898263173099356,
      "sensitivity_mean": 49.233433049884184,
      "sensitivity_std": 8.359739121233147,
      "specificity_mean": 82.24043597064261,
      "specificity_std": 9.13603638540878,
      "f1_mean": 57.04697178456222,
      "f1_std": 6.06535206906921
    },
    "Late Fusion": {
      "accuracy_mean": 69.59119496855345,
      "accuracy_std": 3.9997173005481863,
      "auc_mean": 0.7618157147971018,
      "auc_std": 0.057754844748713514,
      "sensitivity_mean": 54.665338413971014,
      "sensitivity_std": 11.449780571063128,
      "specificity_mean": 81.67978800132846,
      "specificity_std": 9.291762217528012,
      "f1_mean": 61.060013812867055,
      "f1_std": 7.983078581479998
    },
    "AlphaBreast V4": {
      "accuracy_mean": 72.32305784391886,
      "accuracy_std": 4.7146819154576285,
      "auc_mean": 0.7986969986817833,
      "auc_std": 0.0502685145991423,
      "sensitivity_mean": 60.9483151997462,
      "sensitivity_std": 8.201168976106844,
      "specificity_mean": 81.76319307943287,
      "specificity_std": 5.907426153547376,
      "f1_mean": 66.02079310917587,
      "f1_std": 7.574891206876904
    }
  },
  "fold_results": {
    "CC Only": [
      {
        "fold": 1,
        "accuracy": 65.25821596244131,
        "auc": 0.6902863356288511,
        "sensitivity": 46.06741573033708,
        "specificity": 79.03225806451613,
        "f1": 52.56410256410257
      },
      {
        "fold": 2,
        "accuracy": 68.07511737089203,
        "auc": 0.7347324806341201,
        "sensitivity": 52.74725274725275,
        "specificity": 79.50819672131148,
        "f1": 58.536585365853654
      },
      {
        "fold": 3,
        "accuracy": 72.16981132075472,
        "auc": 0.7827162756598242,
        "sensitivity": 73.86363636363636,
        "specificity": 70.96774193548387,
        "f1": 68.78306878306879
      },
      {
        "fold": 4,
        "accuracy": 76.88679245283019,
        "auc": 0.8291071428571429,
        "sensitivity": 72.0,
        "specificity": 81.25,
        "f1": 74.61139896373057
      },
      {
        "fold": 5,
        "accuracy": 71.22641509433963,
        "auc": 0.7782128871484515,
        "sensitivity": 66.98113207547169,
        "specificity": 75.47169811320755,
        "f1": 69.95073891625616
      }
    ],
    "MLO Only": [
      {
        "fold": 1,
        "accuracy": 63.84976525821596,
        "auc": 0.6413555636100036,
        "sensitivity": 56.17977528089888,
        "specificity": 69.35483870967742,
        "f1": 56.49717514124294
      },
      {
        "fold": 2,
        "accuracy": 68.07511737089203,
        "auc": 0.7213114754098361,
        "sensitivity": 52.74725274725275,
        "specificity": 79.50819672131148,
        "f1": 58.536585365853654
      },
      {
        "fold": 3,
        "accuracy": 65.56603773584906,
        "auc": 0.7254398826979472,
        "sensitivity": 38.63636363636363,
        "specificity": 84.67741935483872,
        "f1": 48.226950354609926
      },
      {
        "fold": 4,
        "accuracy": 69.81132075471697,
        "auc": 0.817767857142857,
        "sensitivity": 42.0,
        "specificity": 94.64285714285714,
        "f1": 56.75675675675676
      },
      {
        "fold": 5,
        "accuracy": 69.81132075471697,
        "auc": 0.7919188323246706,
        "sensitivity": 56.60377358490566,
        "specificity": 83.01886792452831,
        "f1": 65.21739130434783
      }
    ],
    "Late Fusion": [
      {
        "fold": 1,
        "accuracy": 62.91079812206573,
        "auc": 0.6706234142805364,
        "sensitivity": 44.9438202247191,
        "specificity": 75.80645161290323,
        "f1": 50.314465408805034
      },
      {
        "fold": 2,
        "accuracy": 70.4225352112676,
        "auc": 0.7433795712484237,
        "sensitivity": 42.857142857142854,
        "specificity": 90.98360655737704,
        "f1": 55.319148936170215
      },
      {
        "fold": 3,
        "accuracy": 69.33962264150944,
        "auc": 0.7773093841642229,
        "sensitivity": 69.31818181818183,
        "specificity": 69.35483870967742,
        "f1": 65.24064171122996
      },
      {
        "fold": 4,
        "accuracy": 72.64150943396226,
        "auc": 0.8116964285714285,
        "sensitivity": 53.0,
        "specificity": 90.17857142857143,
        "f1": 64.63414634146342
      },
      {
        "fold": 5,
        "accuracy": 72.64150943396226,
        "auc": 0.8060697757208971,
        "sensitivity": 63.20754716981132,
        "specificity": 82.0754716981132,
        "f1": 69.79166666666666
      }
    ],
    "AlphaBreast V4": [
      {
        "fold": 1,
        "accuracy": 64.31924882629107,
        "auc": 0.7169264226168902,
        "sensitivity": 48.31460674157304,
        "specificity": 75.80645161290323,
        "f1": 53.086419753086425
      },
      {
        "fold": 2,
        "accuracy": 73.23943661971832,
        "auc": 0.7876959106467303,
        "sensitivity": 61.53846153846154,
        "specificity": 81.9672131147541,
        "f1": 66.27218934911244
      },
      {
        "fold": 3,
        "accuracy": 73.58490566037736,
        "auc": 0.81341642228739,
        "sensitivity": 70.45454545454545,
        "specificity": 75.80645161290323,
        "f1": 68.88888888888889
      },
      {
        "fold": 4,
        "accuracy": 76.88679245283019,
        "auc": 0.8420535714285715,
        "sensitivity": 65.0,
        "specificity": 87.5,
        "f1": 72.62569832402235
      },
      {
        "fold": 5,
        "accuracy": 73.58490566037736,
        "auc": 0.8333926664293343,
        "sensitivity": 59.43396226415094,
        "specificity": 87.73584905660378,
        "f1": 69.23076923076923
      }
    ]
  }
}